{"cameraMode":{"drawMode":0,"name":"Shaded","section":"Shading Mode"},"sceneLighting":false,"audioPlay":false,"sceneViewState":{"m_AlwaysRefresh":false,"showFog":true,"showSkybox":true,"showFlares":true,"showImageEffects":true,"showParticleSystems":true,"showVisualEffectGraphs":true,"m_FxEnabled":true},"in2DMode":false,"pivot":{"x":-8.467048645019532,"y":3.9068868160247804,"z":24.44826889038086},"rotation":{"x":0.044235456734895709,"y":0.7960448861122131,"z":-0.05861550569534302,"w":0.6007722616195679},"size":2.3209195137023927,"orthographic":false}